;             
CREATE USER IF NOT EXISTS USER SALT '887232d069cef144' HASH '48e4c6366cef99fb4e14856c18f5f0208d3c4a2fdfebdf14248dcd6c14214da2' ADMIN;         
CREATE USER IF NOT EXISTS SA SALT 'd78cfefa40be7807' HASH '25bc9c6e6e1b08bbfbaff264dcc01de7763af03117fd3899cb2947709587e88d' ADMIN;           
CREATE SEQUENCE PUBLIC.SYSTEM_SEQUENCE_34CCC88E_74BF_425C_BC09_E00CF606AC62 START WITH 97 BELONGS_TO_TABLE;
CREATE SEQUENCE PUBLIC.SYSTEM_SEQUENCE_FA3F5B9C_1E19_4C3F_8C76_67F66E4B8C76 START WITH 33 BELONGS_TO_TABLE;
CREATE CACHED TABLE PUBLIC.USER(
    ID INT DEFAULT (NEXT VALUE FOR PUBLIC.SYSTEM_SEQUENCE_34CCC88E_74BF_425C_BC09_E00CF606AC62) NOT NULL NULL_TO_DEFAULT SEQUENCE PUBLIC.SYSTEM_SEQUENCE_34CCC88E_74BF_425C_BC09_E00CF606AC62,
    CHAT_ID INT,
    NAME TEXT,
    ADDED_BY INT
);
ALTER TABLE PUBLIC.USER ADD CONSTRAINT PUBLIC.CONSTRAINT_2 PRIMARY KEY(ID);
-- 6 +/- SELECT COUNT(*) FROM PUBLIC.USER;
INSERT INTO PUBLIC.USER(ID, CHAT_ID, NAME, ADDED_BY) VALUES
(1, 43394658, STRINGDECODE('\u0414\u0430\u043d\u0438\u044f\u0440'), 43394658),
(33, 338849363, STRINGDECODE('\u0414\u0430\u043d\u0438\u044f\u0440'), 43394658),
(34, 308095250, STRINGDECODE('\u0414\u0430\u0443\u0440\u0435\u043d \u0410\u0441\u0442\u0430\u043d\u0430'), 293188753),
(35, 264755203, STRINGDECODE('\u0416\u0430\u043d\u0438\u0431\u0435\u043a \u0423\u043b\u044b\u043a\u0431\u0435\u043a\u043e\u0432'), 308095250),
(65, 338849363, STRINGDECODE('\u0414\u0430\u043d\u0438\u044f\u0440'), 43394658),
(66, 293188753, STRINGDECODE('\u0415\u0440\u0430\u0441\u044b\u043b \u0422\u0443\u0440\u043b\u044b\u0433\u0430\u0436\u044b'), 264755203);
CREATE CACHED TABLE PUBLIC.TASK(
    ID INT DEFAULT (NEXT VALUE FOR PUBLIC.SYSTEM_SEQUENCE_FA3F5B9C_1E19_4C3F_8C76_67F66E4B8C76) NOT NULL NULL_TO_DEFAULT SEQUENCE PUBLIC.SYSTEM_SEQUENCE_FA3F5B9C_1E19_4C3F_8C76_67F66E4B8C76,
    USER_ID INT NOT NULL,
    ADDED_BY_USER_ID INT NOT NULL,
    DEADLINE TEXT NOT NULL,
    STATUS INT DEFAULT 2 NOT NULL,
    HAS_AUDIO BOOLEAN NOT NULL,
    VOICE_ID TEXT,
    TEXT TEXT,
    REPORT TEXT,
    CAUSE TEXT,
    DATE_OF_COMPLETION TEXT
);
-- 22 +/- SELECT COUNT(*) FROM PUBLIC.TASK;
INSERT INTO PUBLIC.TASK(ID, USER_ID, ADDED_BY_USER_ID, DEADLINE, STATUS, HAS_AUDIO, VOICE_ID, TEXT, REPORT, CAUSE, DATE_OF_COMPLETION) VALUES
(1, 43394658, 43394658, '08.06', 2, FALSE, NULL, STRINGDECODE('\u0412\u043f\u0435\u0440\u0435\u0434!'), NULL, NULL, NULL),
(3, 43394658, 43394658, '08.06', 2, FALSE, NULL, 'GO!', NULL, NULL, NULL),
(4, 43394658, 43394658, '07.06', 2, FALSE, NULL, 'Finish the bot', NULL, NULL, NULL),
(5, 43394658, 43394658, '07.06', 2, FALSE, NULL, 'Finish the bot', NULL, NULL, NULL),
(6, 43394658, 43394658, '08.06', 2, FALSE, NULL, 'Finish the bot', NULL, NULL, NULL),
(7, 43394658, 43394658, '08.06', 2, FALSE, NULL, 'Finish the bot', NULL, NULL, NULL),
(8, 43394658, 43394658, '08.06', 2, FALSE, NULL, STRINGDECODE('\u0417\u0430\u043a\u043e\u043d\u0447\u0438\u0442\u044c \u0431\u043e\u0442\u0430'), NULL, NULL, NULL),
(9, 43394658, 43394658, '08.06', 2, FALSE, NULL, STRINGDECODE('\u0417\u0430\u043a\u043e\u043d\u0447\u0438\u0442\u044c \u0431\u043e\u0442\u0430!!!!'), NULL, NULL, NULL),
(10, 43394658, 43394658, '08.06', 0, FALSE, NULL, STRINGDECODE('\u0412\u044b\u0439\u0442\u0438 \u043f\u043e\u0433\u0443\u043b\u044f\u0442\u044c'), NULL, NULL, NULL),
(11, 43394658, 43394658, '08.06', 3, FALSE, NULL, STRINGDECODE('\u0412\u044b\u0439\u0442\u0438 \u043f\u043e\u0433\u0443\u043b\u044f\u0442\u044c'), NULL, STRINGDECODE('\u041d\u0435 \u0445\u043e\u0447\u0443'), NULL),
(12, 43394658, 43394658, '08.06', 3, FALSE, NULL, STRINGDECODE('\u041f\u043e\u0439\u0442\u0438 \u0433\u0443\u043b\u044f\u0442\u044c'), NULL, STRINGDECODE('\u041d\u0435 \u0445\u043e\u0447\u0443'), NULL),
(13, 43394658, 43394658, '09.06', 3, FALSE, NULL, 'Gjqnb uekznm', NULL, STRINGDECODE('\u043d\u0435 \u0445\u043e\u0447\u0443'), NULL),
(14, 43394658, 43394658, '08.06', 0, FALSE, NULL, STRINGDECODE('\u041a\u0443\u043f\u0438\u0442\u044c \u043c\u043e\u0440\u043e\u0436\u0435\u043d\u043d\u043e\u0435'), NULL, NULL, NULL),
(15, 338849363, 43394658, '11.06', 0, FALSE, NULL, STRINGDECODE('\u0418\u0434\u0442\u0438 \u043a \u043f\u0430\u0440\u043a\u0443'), NULL, NULL, NULL),
(2, 43394658, 43394658, '08.06', 3, FALSE, NULL, STRINGDECODE('\u0412\u0435\u043f\u0435\u0440\u04341'), NULL, STRINGDECODE('\u043a\u0443\u0434\u0430?'), NULL),
(16, 338849363, 43394658, '15.06', 0, FALSE, NULL, STRINGDECODE('\u041f\u043e\u0441\u043c\u043e\u0442\u0440\u0435\u0442\u044c \u0420\u0438\u043a \u0438 \u041c\u043e\u0440\u0442\u0438'), STRINGDECODE('\u041a\u0440\u0443\u0442\u043e\u0439 \u0441\u0435\u0440\u0438\u0430\u043b'), STRINGDECODE('\u0423\u0436\u0435 \u0441\u043c\u043e\u0442\u0440\u0435\u043b'), '07.06'),
(17, 338849363, 43394658, '12.06', 1, FALSE, NULL, STRINGDECODE('\u0412\u044b\u0439\u0434\u0438 \u043d\u0430 \u0443\u043b\u0438\u0446\u0443'), STRINGDECODE('\u0425\u043e\u043b\u043e\u0434\u043d\u043e, \u0438 \u044f \u043d\u0435 \u0432\u0440\u0443'), STRINGDECODE('\u0432\u0440\u0435\u0448\u044c'), '07.06'),
(19, 338849363, 43394658, '14.06', 3, FALSE, NULL, STRINGDECODE('\u0412\u043f\u0435\u0440\u0435\u0434 \u043a \u0441\u0432\u0435\u0442\u043b\u043e\u043c\u0443 \u0431\u0443\u0434\u0443\u0449\u0435\u043c\u0443'), NULL, STRINGDECODE('\u0417\u0430\u0443\u043c\u043d\u043e'), NULL),
(18, 338849363, 43394658, '24.06', 1, FALSE, NULL, STRINGDECODE('\u0417\u0430\u043a\u043e\u043d\u0447\u0438\u0442\u044c \u0443\u043d\u0438\u0432\u0435\u0440'), STRINGDECODE('\u0417\u0430\u043a\u043e\u043d\u0447\u0438\u043b \u0441 \u043a\u0440\u0430\u0441\u043d\u044b\u043c \u0434\u0438\u043f\u043b\u043e\u043c\u043e\u043c'), STRINGDECODE('\u041d\u0443\u0436\u0435\u043d \u043a\u0440\u0430\u0441\u043d\u044b\u0439 \u0434\u0438\u043f\u043b\u043e\u043c!'), '07.06'),
(21, 293188753, 264755203, '07.06', 2, FALSE, NULL, STRINGDECODE('\u0421\u043f\u0430\u0441\u0442\u0438 \u0440\u044f\u0434\u043e\u0432\u043e\u0433\u043e \u0420\u0430\u0439\u043d\u0430'), NULL, NULL, NULL),
(20, 264755203, 308095250, '08.06', 3, FALSE, NULL, STRINGDECODE('\u0421\u0434\u0435\u043b\u0430\u0442\u044c \u0441\u0430\u043b\u044c\u0442\u043e'), NULL, STRINGDECODE('\u041e\u0422\u041a\u0420\u041e\u0419 \u042e\u0422\u0423\u0411 \u0418 \u0423\u0427\u0418\u0421\u042c'), NULL);
INSERT INTO PUBLIC.TASK(ID, USER_ID, ADDED_BY_USER_ID, DEADLINE, STATUS, HAS_AUDIO, VOICE_ID, TEXT, REPORT, CAUSE, DATE_OF_COMPLETION) VALUES
(22, 264755203, 308095250, '08.06', 3, FALSE, NULL, STRINGDECODE('\u0417\u0430\u0432\u0442\u0440\u0430 \u0443 \u043c\u0435\u043d\u044f \u0441\u044a\u0451\u043c\u043a\u0430 \u0432\u044b\u0445\u043e\u0434\u0438\u0442 \u0432 \u0431\u043e\u0440\u043e\u0432\u043e\u043c'), NULL, STRINGDECODE('\u0416\u0430\u0439'), NULL);
CREATE CACHED TABLE PUBLIC.BUTTON(
    ID INT NOT NULL,
    TEXT TEXT,
    COMMAND_ID INT,
    URL TEXT,
    REQUEST_CONTACT BOOLEAN
);
ALTER TABLE PUBLIC.BUTTON ADD CONSTRAINT PUBLIC.CONSTRAINT_7 PRIMARY KEY(ID);
-- 26 +/- SELECT COUNT(*) FROM PUBLIC.BUTTON;
INSERT INTO PUBLIC.BUTTON(ID, TEXT, COMMAND_ID, URL, REQUEST_CONTACT) VALUES
(1, '/start', 1, NULL, FALSE),
(10, STRINGDECODE('\u21a9\ufe0f \u041d\u0430\u0437\u0430\u0434'), 6, NULL, FALSE),
(43, STRINGDECODE('\ud83d\udcdd \u041d\u043e\u0432\u043e\u0435 \u0437\u0430\u0434\u0430\u043d\u0438\u0435'), 23, NULL, FALSE),
(44, STRINGDECODE('\ud83d\udccb \u0417\u0430\u0434\u0430\u043d\u0438\u044f'), 24, NULL, FALSE),
(45, STRINGDECODE('\ud83d\udc65 \u0421\u043e\u0442\u0440\u0443\u0434\u043d\u0438\u043a\u0438'), 25, NULL, FALSE),
(46, STRINGDECODE('\ud83d\udcca \u041e\u0442\u0447\u0435\u0442\u044b'), 26, NULL, FALSE),
(49, '/task', 23, NULL, FALSE),
(50, '/tasks', 24, NULL, FALSE),
(51, STRINGDECODE('\ud83c\udd97 \u041f\u0440\u0438\u043d\u044f\u0442\u044c'), 0, NULL, FALSE),
(52, STRINGDECODE('\u274c \u041e\u0442\u043a\u043b\u043e\u043d\u0438\u0442\u044c'), 0, NULL, FALSE),
(53, STRINGDECODE('\ud83d\udd01 \u041f\u0435\u0440\u0435\u0434\u0430\u0442\u044c \u0434\u0440\u0443\u0433\u043e\u043c\u0443'), 0, NULL, FALSE),
(54, STRINGDECODE('\u27a1\ufe0f \u0421\u043b\u0435\u0434\u0443\u044e\u0449\u0435\u0435 \u0437\u0430\u0434\u0430\u043d\u0438\u0435'), 0, NULL, FALSE),
(55, STRINGDECODE('\u2b05\ufe0f \u041f\u0440\u0435\u0434\u044b\u0434\u0443\u0449\u0435\u0435 \u0437\u0430\u0434\u0430\u043d\u0438\u0435'), 0, NULL, FALSE),
(56, STRINGDECODE('\u2705 \u0412\u044b\u043f\u043e\u043b\u043d\u0435\u043d\u043e'), 0, NULL, FALSE),
(57, STRINGDECODE('\u2795 \u0414\u043e\u0431\u0430\u0432\u0438\u0442\u044c \u0441\u043e\u0442\u0440\u0443\u0434\u043d\u0438\u043a\u0430'), 0, NULL, FALSE),
(58, STRINGDECODE('\ud83d\udcdd \u0421\u043f\u0438\u0441\u043e\u043a \u0441\u043e\u0442\u0440\u0443\u0434\u043d\u0438\u043a\u043e\u0432'), 0, NULL, FALSE),
(59, STRINGDECODE('\u274c \u0423\u0434\u0430\u043b\u0438\u0442\u044c \u0441\u043e\u0442\u0440\u0443\u0434\u043d\u0438\u043a\u0430'), 0, NULL, FALSE),
(60, STRINGDECODE('\u2705 \u0412\u044b\u043f\u043e\u043b\u043d\u0435\u043d\u043d\u044b\u0435'), 0, NULL, FALSE),
(61, STRINGDECODE('\u274c \u041d\u0435 \u0432\u044b\u043f\u043e\u043b\u043d\u0435\u043d\u043d\u044b\u0435'), 0, NULL, FALSE),
(62, STRINGDECODE('\ud83d\uddd2 \u0412\u0441\u0435 \u0437\u0430\u0434\u0430\u043d\u0438\u044f'), 0, NULL, FALSE),
(63, STRINGDECODE('\ud83d\udcea \u041c\u043e\u0438 \u0437\u0430\u0434\u0430\u043d\u0438\u044f'), 0, NULL, FALSE),
(64, STRINGDECODE('\ud83d\udee0 \u0417\u0430\u0434\u0430\u043d\u0438\u044f \u0434\u043b\u044f \u0440\u0430\u0431\u043e\u0442\u043d\u0438\u043a\u043e\u0432'), 0, NULL, FALSE),
(65, STRINGDECODE('\u041f\u0440\u0438\u043d\u044f\u0442\u044c'), 54, NULL, FALSE),
(66, STRINGDECODE('\u041e\u0442\u043a\u043b\u043e\u043d\u0438\u0442\u044c'), 54, NULL, FALSE),
(67, 'AdminAccept', 55, NULL, FALSE),
(68, 'AdminReject', 55, NULL, FALSE);
CREATE CACHED TABLE PUBLIC.COMMAND(
    ID INT NOT NULL,
    COMMAND_TYPE_ID INT,
    MESSAGE_ID INT
);
ALTER TABLE PUBLIC.COMMAND ADD CONSTRAINT PUBLIC.CONSTRAINT_6 PRIMARY KEY(ID);
-- 7 +/- SELECT COUNT(*) FROM PUBLIC.COMMAND;
INSERT INTO PUBLIC.COMMAND(ID, COMMAND_TYPE_ID, MESSAGE_ID) VALUES
(1, 1, 5),
(23, 49, 0),
(24, 51, 0),
(25, 52, 0),
(26, 53, 0),
(54, 54, 0),
(55, 55, 0);
CREATE CACHED TABLE PUBLIC.MESSAGE(
    ID INT NOT NULL,
    TEXT TEXT,
    PHOTO TEXT,
    KEYBOARD_ID INT
);
ALTER TABLE PUBLIC.MESSAGE ADD CONSTRAINT PUBLIC.CONSTRAINT_63 PRIMARY KEY(ID);
-- 49 +/- SELECT COUNT(*) FROM PUBLIC.MESSAGE;
INSERT INTO PUBLIC.MESSAGE(ID, TEXT, PHOTO, KEYBOARD_ID) VALUES
(5, STRINGDECODE('\u0413\u043b\u0430\u0432\u043d\u043e\u0435 \u043c\u0435\u043d\u044e'), NULL, 1),
(6, STRINGDECODE('\u0413\u043b\u0430\u0432\u043d\u043e\u0435 \u043c\u0435\u043d\u044e'), NULL, 2),
(7, STRINGDECODE('\u041a\u043e\u043c\u0430\u043d\u0434\u0430 \u043d\u0435 \u0440\u0430\u0441\u043f\u043e\u0437\u043d\u0430\u043d\u0430, \u0438\u043b\u0438 \u043d\u0435 \u0443\u0434\u0430\u043b\u043e\u0441\u044c \u043e\u0431\u0440\u0430\u0431\u043e\u0442\u0430\u0442\u044c \u0438\u043d\u0444\u043e\u0440\u043c\u0430\u0446\u0438\u044e'), NULL, 1),
(8, STRINGDECODE('\u041a\u043e\u043c\u0430\u043d\u0434\u0430 \u043d\u0435 \u0440\u0430\u0441\u043f\u043e\u0437\u043d\u0430\u043d\u0430, \u0438\u043b\u0438 \u043d\u0435 \u0443\u0434\u0430\u043b\u043e\u0441\u044c \u043e\u0431\u0440\u0430\u0431\u043e\u0442\u0430\u0442\u044c \u0438\u043d\u0444\u043e\u0440\u043c\u0430\u0446\u0438\u044e'), NULL, 2),
(9, STRINGDECODE('\u0417\u0430\u0434\u0430\u043d\u0438\u0438 \u043d\u0435\u0442'), NULL, 2),
(10, STRINGDECODE('\u0423 \u0432\u0430\u0441 \u043d\u0435\u0442 \u043f\u043e\u0434\u0447\u0438\u043d\u0435\u043d\u043d\u044b\u0445'), NULL, 0),
(76, STRINGDECODE('\u041e\u043f\u0438\u0448\u0438\u0442\u0435 \u0437\u0430\u0434\u0430\u043d\u0438\u0435 \u0438\u043b\u0438 \u0437\u0430\u043f\u0438\u0448\u0438\u0442\u0435 \u0433\u043e\u043b\u043e\u0441\u043e\u0432\u043e\u0435 \u0441\u043e\u043e\u0431\u0449\u0435\u043d\u0438\u0435'), NULL, 2),
(77, STRINGDECODE('\u0412\u0432\u0435\u0434\u0438\u0442\u0435 \u0434\u0435\u0434\u043b\u0430\u0439\u043d'), NULL, 0),
(78, STRINGDECODE('\u0412\u044b\u0431\u0435\u0440\u0438\u0442\u0435 \u0440\u0430\u0431\u043e\u0442\u043d\u0438\u043a\u0430'), NULL, 2),
(79, STRINGDECODE('\u0417\u0430\u0434\u0430\u043d\u0438\u0435 \u0437\u0430\u043f\u0438\u0441\u0430\u043d\u043e'), NULL, 1),
(80, STRINGDECODE('\u0423 \u0432\u0430\u0441 \u043d\u043e\u0432\u043e\u0435 \u0437\u0430\u0434\u0430\u043d\u0438\u0435'), NULL, 0),
(81, STRINGDECODE('\u0412\u0430\u0448\u0438 \u0437\u0430\u0434\u0430\u043d\u0438\u044f: '), NULL, 15),
(82, STRINGDECODE('\u0417\u0430\u0434\u0430\u043d\u0438\u0438 \u043d\u0435\u0442'), NULL, 0),
(83, STRINGDECODE('\u0417\u0430\u0434\u0430\u043d\u0438\u0435 \u043e\u0442\u043a\u043b\u043e\u043d\u0435\u043d\u043e'), NULL, 0),
(84, STRINGDECODE('\u0417\u0430\u0434\u0430\u043d\u0438\u0435 \u0432\u044b\u043f\u043e\u043b\u043d\u0435\u043d\u043e'), NULL, 0),
(85, STRINGDECODE('\u0412\u044b\u043f\u043e\u043b\u043d\u0435\u043d\u043d\u044b\u0435 \u0437\u0430\u0434\u0430\u043d\u0438\u044f: '), NULL, 0),
(86, STRINGDECODE('\u041d\u0435\u0432\u044b\u043f\u043e\u043b\u043d\u0435\u043d\u043d\u044b\u0435 \u0437\u0430\u0434\u0430\u043d\u0438\u044f: '), NULL, 0),
(87, STRINGDECODE('\u041e\u0436\u0438\u0434\u0430\u044e\u0449\u0438\u0435 \u043f\u043e\u0434\u0442\u0432\u0435\u0440\u0436\u0434\u0435\u043d\u0438\u044f: '), NULL, 0),
(88, STRINGDECODE('\u0416\u0434\u0438\u0442\u0435...'), 'Null', 0),
(89, 'prev', NULL, 0),
(90, 'next', NULL, 0),
(91, STRINGDECODE('\u0414\u0430\u043b\u044c\u0448\u0435 \u0437\u0430\u043b\u0430\u043d\u0438\u0438 \u043d\u0435\u0442'), NULL, 0),
(92, STRINGDECODE('\u0412\u044b\u043f\u043e\u043b\u043d\u044f\u0435\u0442\u0441\u044f'), NULL, 0),
(93, STRINGDECODE('\u0412\u044b\u043f\u043e\u043b\u043d\u0435\u043d\u043e'), NULL, 0),
(94, STRINGDECODE('\u041e\u0436\u0438\u0434\u0430\u0435\u0442\u0441\u044f \u043f\u043e\u0434\u0442\u0432\u0435\u0440\u0436\u0434\u0435\u043d\u0438\u0435'), NULL, 0),
(95, STRINGDECODE('\u041e\u0442\u043a\u043b\u043e\u043d\u0435\u043d\u043e'), NULL, 0),
(96, STRINGDECODE('\u0417\u0430\u0434\u0430\u043d\u0438\u0435: '), NULL, 0),
(97, STRINGDECODE('\u041e\u0442\u0432\u0435\u0442\u0441\u0442\u0432\u0435\u043d\u043d\u044b\u0439: '), NULL, 0),
(98, STRINGDECODE('\u0414\u0435\u0434\u043b\u0430\u0439\u043d: '), NULL, 0),
(99, STRINGDECODE('\u0421\u0442\u0430\u0442\u0443\u0441: '), NULL, 0),
(100, STRINGDECODE('\u041c\u0435\u043d\u044e \u0440\u0430\u0431\u043e\u0447\u0438\u0445'), NULL, 16),
(101, STRINGDECODE('\u041e\u0442\u043f\u0440\u0430\u0432\u044c\u0442\u0435 \u043a\u043e\u043d\u0442\u0430\u043a\u0442 \u0441\u043e\u0442\u0440\u0443\u0434\u043d\u0438\u043a\u0430'), NULL, 2);
INSERT INTO PUBLIC.MESSAGE(ID, TEXT, PHOTO, KEYBOARD_ID) VALUES
(102, STRINGDECODE('\u0421\u043e\u0442\u0440\u0443\u0434\u043d\u0438\u043a \u0434\u043e\u0431\u0430\u0432\u043b\u0435\u043d'), NULL, 0),
(103, STRINGDECODE('\u0414\u0430\u043d\u043d\u044b\u0439 \u043f\u043e\u043b\u044c\u0437\u043e\u0432\u0430\u0442\u0435\u043b\u044c \u043d\u0435 \u0437\u0430\u0440\u0435\u0433\u0438\u0441\u0442\u0440\u0438\u0440\u043e\u0432\u0430\u043d \u0432 Telegram'), NULL, 0),
(104, STRINGDECODE('\u0412\u044b\u0431\u0435\u0440\u0438\u0442\u0435 \u0441\u043e\u0442\u0440\u0443\u0434\u043d\u0438\u043a\u0430'), NULL, 2),
(105, STRINGDECODE('\u0421\u043e\u0442\u0440\u0443\u0434\u043d\u0438\u043a \u0443\u0434\u0430\u043b\u0435\u043d'), NULL, 0),
(106, STRINGDECODE('\u041e\u0442\u0447\u0435\u0442:'), NULL, 0),
(107, STRINGDECODE('\u041d\u0430\u043f\u0438\u0448\u0438\u0442\u0435 \u043e\u0442\u0447\u0435\u0442'), NULL, 0),
(108, STRINGDECODE('\u0417\u0430\u043a\u043e\u043d\u0447\u0435\u043d\u043e:'), NULL, 0),
(109, STRINGDECODE('\u0414\u0430\u043d\u043d\u044b\u0439 \u0440\u0430\u0431\u043e\u0442\u043d\u0438\u043a \u0443\u0436\u0435 \u0434\u043e\u0431\u0430\u0432\u043b\u0435\u043d'), NULL, 0),
(110, STRINGDECODE('\u0412\u044b\u043f\u043e\u043b\u043d\u044f\u044e\u0442\u0441\u044f \u0437\u0430\u0434\u0430\u043d\u0438\u044f: '), NULL, 0),
(111, STRINGDECODE('\u0412\u0441\u0435\u0433\u043e \u0437\u0430\u0434\u0430\u043d\u0438\u0438: '), NULL, 0),
(112, STRINGDECODE('\u0412\u044b\u043f\u043e\u043b\u043d\u0435\u043d\u043d\u044b\u0435 \u0432\u043e\u0432\u0440\u0435\u043c\u044f: '), NULL, 0),
(113, STRINGDECODE('\u0412\u044b\u0431\u0435\u0440\u0438\u0442\u0435 \u0441\u0442\u0430\u0442\u0443\u0441 \u0437\u0430\u0434\u0430\u043d\u0438\u044f'), NULL, 14),
(114, STRINGDECODE('\u0412\u044b\u0431\u0435\u0440\u0438\u0442\u0435, \u043a\u043e\u043c\u0443 \u043d\u0430\u0437\u043d\u0430\u0447\u0435\u043d\u044b \u0437\u0430\u0434\u0430\u043d\u0438\u044f'), NULL, 17),
(115, STRINGDECODE('\u041f\u0440\u0438\u0447\u0438\u043d\u0430: '), NULL, 0),
(116, STRINGDECODE('\u041e\u0436\u0438\u0434\u0430\u0435\u0442 \u043f\u043e\u0434\u0442\u0432\u0435\u0440\u0436\u0434\u0435\u043d\u0438\u044f \u043d\u0430\u0447\u0430\u043b\u044c\u043d\u0438\u043a\u0430'), NULL, 0),
(117, STRINGDECODE('\u041e\u0442\u043a\u043b\u043e\u043d\u0435\u043d\u043e \u043d\u0430\u0447\u0430\u043b\u044c\u043d\u0438\u043a\u043e\u043c'), NULL, 0),
(118, STRINGDECODE('\u041d\u0430\u043f\u0438\u0448\u0438\u0442\u0435 \u043f\u0440\u0438\u0447\u0438\u043d\u0443'), NULL, 0);
CREATE CACHED TABLE PUBLIC.KEYBOARD(
    ID INT NOT NULL,
    BUTTON_IDS TEXT,
    INLINE BOOLEAN,
    COMMENT TEXT
);
ALTER TABLE PUBLIC.KEYBOARD ADD CONSTRAINT PUBLIC.CONSTRAINT_4 PRIMARY KEY(ID);
-- 7 +/- SELECT COUNT(*) FROM PUBLIC.KEYBOARD;
INSERT INTO PUBLIC.KEYBOARD(ID, BUTTON_IDS, INLINE, COMMENT) VALUES
(1, '43,44;45,46', FALSE, 'main'),
(2, '10', FALSE, 'back'),
(14, '60,61;62,10', FALSE, 'done or undone tasks'),
(15, '56;52,51;55,54;53,10', FALSE, 'task menu'),
(16, '57,58;59,10', FALSE, 'workers menu'),
(17, '63,64;10', FALSE, 'choose task type'),
(18, '65;66', TRUE, 'accept or reject task');
CREATE CACHED TABLE PUBLIC.CONST(
    ID INT NOT NULL,
    TEXT TEXT
);    
ALTER TABLE PUBLIC.CONST ADD CONSTRAINT PUBLIC.CONSTRAINT_3 PRIMARY KEY(ID);  
-- 3 +/- SELECT COUNT(*) FROM PUBLIC.CONST;   
INSERT INTO PUBLIC.CONST(ID, TEXT) VALUES
(1, '29'),
(2, '308095250'),
(3, '43394658');    
